{
  "intr": {
    "fx": 320.00000000000006,
    "fy": 426.66666666666674,
    "cx": 320.0,
    "cy": 240.0,
    "dist": [
      0.0,
      0.0,
      0.0,
      0.0,
      0.0
    ]
  },
  "extr": {
    "R_rc": [
      [
        -0.7083029431912722,
        0.6841009725956714,
        -0.17410571489827073
      ],
      [
        0.19127410284906343,
        -0.051420000263406096,
        -0.9801888599408775
      ],
      [
        -0.6795006683189262,
        -0.7275725687974828,
        -0.0944298622659424
      ]
    ],
    "t_rc": [
      -2.253146750470344,
      -2.7281663790816135,
      20.950779638613255
    ]
  },
  "meta": {
    "created": "2025-08-18T15:38:56",
    "pairs_used": 153,
    "median_reproj_error_px": 1.358750451069928,
    "source": "radar-visual PnP (3DPC)",
    "notes": "PnP with RANSAC; intrinsics from FOV"
  }
}