{
  "intr": {
    "fx": 320.00000000000006,
    "fy": 426.66666666666674,
    "cx": 320.0,
    "cy": 240.0,
    "dist": [
      0.0,
      0.0,
      0.0,
      0.0,
      0.0
    ]
  },
  "extr": {
    "R_rc": [
      [
        -0.0795540580000647,
        -0.37885736087451644,
        0.9220294203369646
      ],
      [
        0.8068022184620928,
        0.5187603848088082,
        0.28276817967668
      ],
      [
        -0.585441143190644,
        0.7663907379817517,
        0.26439346549303777
      ]
    ],
    "t_rc": [
      -2986.571079364656,
      -1388.9352597418278,
      7187.2400984177675
    ]
  },
  "meta": {
    "created": "2025-08-19T15:27:02",
    "pairs_used": 44,
    "median_reproj_error_px": 0.2272166238660873,
    "source": "radar-visual PnP (3DPC)",
    "notes": "PnP with RANSAC; intrinsics from FOV"
  }
}