{
  "intr": {
    "fx": 320.00000000000006,
    "fy": 426.66666666666674,
    "cx": 320.0,
    "cy": 240.0,
    "dist": [
      0.0,
      0.0,
      0.0,
      0.0,
      0.0
    ]
  },
  "extr": {
    "R_rc": [
      [
        0.33957338445391516,
        0.6287697340517056,
        -0.699527367664097
      ],
      [
        0.924452146008875,
        -0.08597767847931215,
        0.37147822081905907
      ],
      [
        0.17343052300589729,
        -0.7728236929234606,
        -0.6104632612582395
      ]
    ],
    "t_rc": [
      -2.6737483135680855,
      -16.80517718767938,
      49.89498386305182
    ]
  },
  "meta": {
    "created": "2025-09-24T14:23:48",
    "pairs_used": 12,
    "median_reproj_error_px": 3.8031686299114957,
    "source": "radar-visual PnP (3DPC)",
    "notes": "PnP with RANSAC; intrinsics from FOV",
    "camera_id": "176"
  }
}